order_id,user_id,product_id,order_date,amount,payment_status
1,232,82,2024-09-22,143.12,Failed
2,328,27,2025-01-24,60.84,Paid
3,443,43,2024-12-07,154.76,Paid
4,52,59,2025-05-21,54.37,Paid
5,374,32,2024-11-17,337.32,Paid
6,431,33,2024-09-07,75.33,Paid
7,376,28,2024-08-18,427.4,Paid
8,263,55,2025-04-29,410.42,Paid
9,267,100,2025-04-05,16.69,Failed
10,359,60,2024-08-20,448.91,Paid
11,317,70,2024-12-23,24.18,Paid
12,324,62,2025-05-01,127.43,Paid
13,409,80,2024-06-26,25.87,Paid
14,396,34,2024-08-30,174.56,Paid
15,154,87,2024-12-03,261.79,Paid
16,358,88,2025-01-03,400.36,Paid
17,366,56,2024-08-14,175.61,Failed
18,140,13,2025-06-04,355.69,Paid
19,427,56,2025-05-18,101.88,Paid
20,51,18,2025-02-22,377.79,Paid
21,117,54,2025-01-09,125.64,Paid
22,421,77,2025-01-16,80.34,Paid
23,46,43,2025-03-29,100.85,Paid
24,309,39,2024-10-23,99.21,Paid
25,88,61,2025-04-23,261.3,Paid
26,208,42,2024-12-28,423.95,Failed
27,377,81,2024-10-17,49.01,Paid
28,269,79,2024-09-28,356.41,Paid
29,89,18,2025-01-27,330.63,Paid
30,381,23,2025-05-22,437.53,Paid
31,118,54,2025-01-29,129.63,Paid
32,54,30,2024-07-11,230.55,Paid
33,441,98,2024-11-24,463.66,Paid
34,116,58,2024-07-31,333.4,Paid
35,118,68,2025-03-18,200.5,Paid
36,260,67,2024-08-25,74.39,Paid
37,75,71,2024-07-16,138.62,Paid
38,480,18,2024-09-14,294.8,Failed
39,305,7,2025-05-05,361.9,Paid
40,7,40,2024-09-29,70.97,Paid
41,366,70,2024-12-25,303.8,Paid
42,122,86,2025-05-14,279.67,Paid
43,11,65,2025-02-22,261.84,Failed
44,348,68,2024-07-30,348.16,Paid
45,438,49,2024-12-14,420.35,Paid
46,489,52,2025-04-08,168.26,Paid
47,215,29,2024-10-30,445.62,Paid
48,429,21,2024-10-01,88.71,Paid
49,279,90,2024-11-10,94.78,Paid
50,498,78,2024-11-09,140.72,Paid
51,28,9,2025-01-26,68.57,Paid
52,235,47,2025-01-25,122.86,Paid
53,367,76,2025-06-19,62.14,Paid
54,313,42,2025-05-03,412.66,Paid
55,26,51,2024-10-01,78.09,Paid
56,409,56,2024-11-03,376.18,Paid
57,54,51,2024-06-30,33.48,Paid
58,29,70,2024-11-29,474.77,Paid
59,467,20,2024-08-09,358.47,Paid
60,353,88,2024-11-06,13.33,Paid
61,164,27,2025-05-25,384.29,Paid
62,270,38,2025-03-13,261.9,Paid
63,334,72,2025-02-13,391.89,Paid
64,35,65,2024-09-08,266.02,Paid
65,286,54,2025-02-02,324.1,Paid
66,348,24,2025-02-01,395.3,Paid
67,273,47,2025-03-02,208.5,Paid
68,451,71,2025-03-02,11.33,Paid
69,208,83,2025-01-18,426.47,Paid
70,238,86,2024-08-29,196.64,Paid
71,414,63,2025-04-22,253.06,Paid
72,500,57,2024-10-11,13.81,Paid
73,93,55,2024-11-07,251.13,Paid
74,173,60,2024-10-27,493.38,Paid
75,79,99,2025-03-11,146.35,Paid
76,110,62,2025-01-07,203.75,Paid
77,217,30,2024-12-29,346.72,Failed
78,435,93,2025-04-19,409.25,Paid
79,358,22,2025-04-05,214.52,Paid
80,106,75,2024-12-13,161.74,Paid
81,47,84,2025-06-03,469.53,Paid
82,181,29,2024-07-23,341.8,Paid
83,64,41,2024-11-17,68.32,Paid
84,246,42,2025-02-16,43.77,Paid
85,244,98,2024-10-12,246.94,Failed
86,422,65,2024-12-20,117.84,Paid
87,320,31,2025-02-23,134.45,Paid
88,87,30,2024-08-18,440.07,Paid
89,217,18,2025-05-26,53.89,Paid
90,490,17,2024-08-27,360.53,Paid
91,7,38,2025-02-26,142.86,Paid
92,278,14,2025-05-02,382.56,Paid
93,337,87,2025-06-18,363.98,Paid
94,210,89,2024-11-01,13.62,Paid
95,497,79,2024-12-03,259.48,Paid
96,169,56,2025-02-23,78.27,Paid
97,330,22,2025-02-15,434.45,Paid
98,138,67,2025-01-31,437.08,Paid
99,441,56,2024-11-27,214.99,Failed
100,391,19,2025-05-18,227.75,Paid
101,496,57,2025-06-10,158.61,Paid
102,381,44,2024-07-20,361.14,Failed
103,306,98,2024-07-23,185.74,Paid
104,230,35,2024-08-24,141.22,Paid
105,475,1,2024-11-03,221.79,Paid
106,308,52,2024-09-19,54.83,Paid
107,161,85,2024-10-22,375.84,Paid
108,1,93,2024-10-24,16.17,Failed
109,236,70,2025-03-03,325.8,Paid
110,437,37,2024-10-14,99.6,Paid
111,188,65,2025-03-25,123.88,Paid
112,418,51,2024-10-04,321.46,Paid
113,4,1,2025-02-13,496.54,Paid
114,401,91,2025-02-28,391.08,Paid
115,132,21,2024-11-23,120.66,Paid
116,427,53,2024-10-06,96.25,Paid
117,218,16,2025-06-02,434.45,Paid
118,260,61,2024-12-12,227.65,Paid
119,1,54,2025-04-22,77.16,Paid
120,71,40,2025-05-24,432.48,Paid
121,478,26,2025-06-22,409.89,Paid
122,178,80,2024-11-11,492.11,Paid
123,457,92,2025-04-09,455.77,Failed
124,189,65,2025-02-05,427.38,Paid
125,291,100,2025-01-11,35.76,Paid
126,8,74,2024-12-14,61.16,Paid
127,253,64,2024-11-30,288.8,Paid
128,408,43,2024-08-26,270.42,Paid
129,467,17,2024-09-02,234.4,Paid
130,292,59,2025-05-20,204.43,Paid
131,434,23,2024-07-01,221.29,Paid
132,244,7,2024-08-10,288.96,Paid
133,123,44,2025-04-01,11.02,Paid
134,299,53,2024-09-22,137.75,Paid
135,283,71,2025-03-07,263.96,Paid
136,32,79,2024-09-28,363.89,Paid
137,334,34,2025-06-23,95.34,Paid
138,377,46,2025-04-07,277.97,Paid
139,146,68,2025-03-22,360.09,Failed
140,156,78,2025-04-10,227.87,Paid
141,413,78,2024-07-24,23.27,Failed
142,16,16,2024-09-12,230.14,Paid
143,355,71,2024-08-26,155.26,Paid
144,47,96,2024-11-24,465.53,Paid
145,251,19,2024-08-02,71.06,Paid
146,187,2,2024-07-30,329.71,Paid
147,31,10,2024-07-17,35.83,Paid
148,260,50,2025-06-21,228.62,Paid
149,421,81,2025-05-30,281.45,Failed
150,17,12,2024-12-23,156.0,Paid
151,39,70,2025-01-21,232.99,Paid
152,304,22,2024-07-13,90.14,Paid
153,430,32,2024-07-03,159.02,Paid
154,474,84,2025-04-18,314.34,Paid
155,432,1,2024-11-24,157.88,Paid
156,39,54,2025-01-12,450.87,Paid
157,489,58,2025-04-16,317.92,Paid
158,132,70,2024-07-25,224.94,Paid
159,30,83,2024-08-02,28.99,Paid
160,158,18,2024-10-02,254.78,Paid
161,278,6,2025-02-18,384.74,Paid
162,203,45,2024-08-22,140.12,Failed
163,66,97,2024-07-25,405.32,Paid
164,108,23,2025-03-04,133.39,Failed
165,268,23,2025-06-19,413.64,Paid
166,222,26,2025-06-01,51.78,Paid
167,292,77,2024-11-21,434.43,Paid
168,18,7,2024-10-21,254.6,Paid
169,90,79,2024-09-20,155.3,Paid
170,181,44,2024-09-27,139.91,Paid
171,255,27,2025-04-05,221.69,Paid
172,455,26,2024-10-11,499.53,Paid
173,253,97,2024-12-12,117.96,Paid
174,257,79,2025-02-21,60.58,Failed
175,383,36,2024-08-11,296.67,Paid
176,442,55,2024-08-12,249.39,Paid
177,346,64,2025-01-13,266.86,Paid
178,87,91,2025-05-14,336.8,Paid
179,90,57,2024-08-28,140.9,Paid
180,237,69,2024-07-04,456.23,Failed
181,390,61,2024-07-06,223.48,Paid
182,70,2,2025-03-07,73.25,Paid
183,44,55,2024-11-08,373.73,Paid
184,200,97,2025-05-23,325.12,Failed
185,152,80,2025-06-13,164.71,Paid
186,86,87,2024-10-27,314.54,Paid
187,19,38,2025-05-24,117.73,Paid
188,101,80,2024-12-24,227.97,Paid
189,402,78,2024-12-21,450.71,Paid
190,95,29,2025-05-27,75.43,Paid
191,254,26,2025-01-18,199.48,Paid
192,357,35,2025-06-21,412.36,Paid
193,30,79,2024-10-06,485.05,Paid
194,249,67,2025-01-22,232.42,Paid
195,426,87,2024-12-12,258.43,Paid
196,33,29,2024-08-14,290.36,Paid
197,458,34,2025-03-20,466.85,Paid
198,229,97,2025-01-18,430.52,Paid
199,12,41,2024-08-30,93.59,Paid
200,118,41,2025-02-07,224.01,Paid
201,350,23,2025-02-10,237.36,Paid
202,155,71,2024-12-17,396.66,Paid
203,423,3,2025-02-23,305.42,Paid
204,393,58,2025-04-09,330.57,Paid
205,246,32,2025-02-24,499.12,Paid
206,405,31,2025-05-29,46.73,Paid
207,332,82,2025-01-28,119.27,Paid
208,247,43,2024-12-08,209.87,Paid
209,29,7,2025-01-12,180.41,Paid
210,161,1,2025-02-26,20.61,Paid
211,235,61,2025-02-26,54.97,Paid
212,190,14,2025-01-16,343.67,Paid
213,117,52,2024-10-21,440.87,Paid
214,271,96,2025-06-10,261.97,Failed
215,258,6,2024-11-04,274.2,Paid
216,180,10,2024-12-27,135.0,Paid
217,487,71,2025-01-18,386.26,Paid
218,373,90,2024-09-19,378.38,Failed
219,172,98,2025-05-01,298.3,Paid
220,438,30,2024-07-27,114.21,Paid
221,274,100,2024-12-11,57.54,Failed
222,259,21,2024-10-20,41.48,Paid
223,135,60,2024-11-12,300.42,Paid
224,171,81,2024-11-30,414.27,Paid
225,210,97,2024-10-01,430.58,Paid
226,236,74,2024-08-22,237.17,Paid
227,422,63,2024-10-18,394.29,Paid
228,421,42,2024-06-27,473.97,Paid
229,186,51,2024-06-23,144.83,Paid
230,417,64,2025-01-12,205.0,Paid
231,364,76,2025-05-05,466.42,Paid
232,443,56,2025-04-13,175.73,Paid
233,95,80,2025-05-18,457.8,Paid
234,378,41,2024-08-14,490.71,Paid
235,11,32,2024-11-03,334.29,Failed
236,68,15,2024-10-12,410.28,Paid
237,379,62,2024-12-22,377.28,Paid
238,210,27,2025-01-16,352.77,Failed
239,196,28,2024-06-26,160.4,Paid
240,369,81,2025-03-17,37.98,Paid
241,98,64,2025-06-16,178.1,Failed
242,93,59,2024-12-31,336.8,Paid
243,472,58,2025-04-12,60.24,Paid
244,22,2,2024-12-25,15.84,Paid
245,450,36,2024-10-17,78.45,Paid
246,172,71,2024-06-26,360.71,Paid
247,383,13,2025-04-16,486.67,Paid
248,134,15,2024-12-07,491.7,Paid
249,426,89,2025-04-28,252.05,Paid
250,25,87,2024-10-14,435.98,Paid
251,185,60,2025-02-09,371.04,Paid
252,85,22,2024-09-20,255.51,Paid
253,55,63,2025-04-28,290.65,Paid
254,251,90,2024-06-25,77.24,Paid
255,144,97,2025-01-21,469.45,Paid
256,351,75,2024-11-15,182.45,Paid
257,398,74,2024-09-04,228.61,Paid
258,167,25,2024-11-29,339.11,Paid
259,412,48,2025-05-31,173.61,Paid
260,224,43,2025-01-26,134.59,Paid
261,220,38,2024-12-09,319.21,Paid
262,179,41,2024-11-23,22.24,Paid
263,119,45,2024-09-28,363.16,Paid
264,433,88,2024-08-25,261.87,Failed
265,265,40,2025-03-27,306.82,Paid
266,442,97,2025-04-05,319.62,Paid
267,429,17,2025-02-28,268.25,Paid
268,150,88,2024-11-21,295.44,Paid
269,416,57,2025-05-10,345.06,Paid
270,453,2,2024-11-16,379.03,Paid
271,215,96,2024-09-16,366.45,Paid
272,197,62,2024-10-03,436.11,Failed
273,42,88,2024-07-23,102.83,Failed
274,53,9,2024-12-03,206.56,Paid
275,480,68,2025-02-20,474.42,Paid
276,443,81,2024-09-24,204.33,Paid
277,330,17,2025-01-09,71.19,Paid
278,251,50,2025-04-15,267.47,Paid
279,295,94,2025-04-29,63.65,Paid
280,378,40,2025-06-11,109.4,Paid
281,271,58,2025-02-16,499.18,Paid
282,455,75,2025-05-02,275.27,Paid
283,413,85,2025-03-19,149.19,Paid
284,123,21,2025-03-15,497.44,Paid
285,367,18,2024-10-06,483.61,Paid
286,387,55,2024-10-11,225.96,Paid
287,339,29,2025-03-01,137.6,Paid
288,266,24,2025-04-07,420.82,Paid
289,348,74,2025-01-15,360.65,Paid
290,29,17,2025-05-03,346.6,Paid
291,463,18,2024-10-05,447.63,Paid
292,35,42,2024-11-30,347.81,Paid
293,6,84,2024-09-04,149.06,Paid
294,396,45,2025-05-20,349.99,Paid
295,111,82,2024-07-19,159.85,Paid
296,294,17,2024-09-01,382.03,Paid
297,77,73,2024-08-15,313.68,Paid
298,349,14,2024-10-13,47.93,Paid
299,147,49,2024-08-04,261.29,Paid
300,67,29,2025-02-25,178.22,Paid
301,392,95,2024-12-16,171.0,Paid
302,8,4,2025-02-17,305.11,Paid
303,122,82,2024-12-15,167.94,Paid
304,340,20,2024-10-06,390.68,Paid
305,175,47,2025-03-22,44.69,Paid
306,388,9,2025-02-19,333.59,Failed
307,179,77,2024-12-31,406.51,Paid
308,85,79,2024-09-03,339.69,Paid
309,451,27,2024-10-25,253.64,Paid
310,45,15,2024-06-30,475.65,Paid
311,136,92,2024-08-21,156.97,Paid
312,343,19,2024-07-12,19.39,Paid
313,16,90,2025-01-16,221.67,Paid
314,333,52,2024-07-01,26.18,Paid
315,195,26,2024-09-03,477.43,Paid
316,496,89,2024-08-01,112.86,Paid
317,9,26,2024-10-10,396.57,Paid
318,316,26,2024-10-05,389.54,Paid
319,334,46,2024-08-10,116.69,Paid
320,333,92,2025-03-27,314.4,Paid
321,327,49,2024-12-10,33.56,Paid
322,15,82,2025-04-01,246.95,Paid
323,327,96,2024-06-26,17.18,Paid
324,102,53,2024-09-21,461.36,Paid
325,226,3,2024-07-28,488.28,Paid
326,425,66,2024-08-20,118.92,Paid
327,278,97,2024-06-28,111.97,Paid
328,408,42,2024-12-31,379.32,Paid
329,113,19,2024-09-15,134.16,Paid
330,485,17,2024-11-02,448.59,Paid
331,428,33,2024-12-03,291.23,Paid
332,1,76,2024-10-22,181.88,Paid
333,266,49,2025-04-24,418.02,Paid
334,491,56,2025-04-29,251.77,Paid
335,208,63,2025-01-02,456.7,Paid
336,110,3,2024-11-14,464.73,Paid
337,200,49,2024-12-20,91.06,Paid
338,440,55,2025-03-20,11.14,Paid
339,369,26,2025-04-26,492.13,Paid
340,473,99,2024-07-05,454.01,Paid
341,306,72,2024-10-29,37.17,Paid
342,12,52,2024-07-24,418.19,Paid
343,345,100,2025-05-16,234.32,Paid
344,465,7,2025-04-10,136.89,Paid
345,188,46,2024-08-18,440.59,Paid
346,154,46,2024-07-14,106.37,Paid
347,494,100,2024-10-04,474.18,Paid
348,368,16,2025-04-20,110.75,Paid
349,334,24,2024-11-22,310.7,Paid
350,425,61,2024-07-20,119.31,Paid
351,420,54,2025-01-19,277.38,Paid
352,377,62,2024-12-22,345.15,Paid
353,279,1,2024-09-01,103.21,Paid
354,171,49,2024-09-05,265.23,Paid
355,134,25,2025-06-05,239.84,Paid
356,495,10,2025-05-15,44.81,Paid
357,453,80,2024-09-28,410.97,Paid
358,427,16,2025-05-06,174.48,Paid
359,25,58,2024-11-18,291.55,Paid
360,18,72,2025-05-10,262.24,Paid
361,190,29,2024-06-27,261.5,Paid
362,141,92,2024-08-09,62.54,Paid
363,43,6,2025-04-17,217.51,Paid
364,334,16,2025-03-27,231.66,Paid
365,284,20,2024-09-27,369.48,Paid
366,146,80,2024-11-19,421.61,Paid
367,315,71,2025-04-18,277.04,Paid
368,444,78,2024-12-12,52.52,Paid
369,319,43,2024-09-26,126.06,Paid
370,441,26,2025-04-05,90.82,Paid
371,92,90,2024-07-06,71.06,Paid
372,179,78,2024-09-08,189.29,Paid
373,56,71,2024-12-18,122.4,Paid
374,155,33,2025-04-04,116.97,Paid
375,160,26,2025-04-18,36.8,Paid
376,111,45,2024-07-29,18.66,Paid
377,137,84,2025-01-11,60.36,Paid
378,232,63,2025-03-08,94.38,Paid
379,480,67,2024-09-11,221.18,Paid
380,468,52,2024-12-23,260.15,Paid
381,220,68,2024-11-21,78.89,Paid
382,481,26,2025-03-14,218.14,Paid
383,68,75,2024-10-22,177.46,Paid
384,302,2,2025-06-21,99.88,Paid
385,249,14,2024-10-26,13.35,Paid
386,482,30,2024-08-23,238.84,Paid
387,496,49,2025-02-22,345.97,Paid
388,323,12,2025-04-01,120.88,Failed
389,410,90,2024-07-09,74.59,Paid
390,392,44,2025-04-08,444.65,Paid
391,6,33,2025-06-22,144.76,Paid
392,464,13,2025-01-22,119.57,Paid
393,280,78,2025-01-11,429.98,Paid
394,432,88,2024-08-09,410.38,Failed
395,487,98,2024-09-29,229.69,Paid
396,94,26,2024-12-26,249.73,Paid
397,429,21,2025-02-25,116.7,Failed
398,269,28,2024-10-17,48.37,Paid
399,197,48,2024-09-08,290.98,Paid
400,25,100,2024-11-09,58.19,Paid
401,148,40,2025-06-02,230.14,Paid
402,118,66,2024-07-13,470.84,Paid
403,338,73,2025-05-24,476.89,Failed
404,367,87,2025-03-08,127.27,Paid
405,338,79,2024-09-15,315.82,Paid
406,66,77,2024-08-05,242.3,Paid
407,458,23,2024-09-22,439.09,Paid
408,301,81,2025-02-23,143.0,Paid
409,370,48,2024-12-08,11.81,Paid
410,175,2,2024-10-27,89.65,Paid
411,319,84,2024-06-28,181.27,Paid
412,76,20,2024-08-26,164.7,Paid
413,495,59,2025-04-27,397.77,Paid
414,461,46,2024-10-08,343.47,Paid
415,114,3,2025-02-05,156.78,Paid
416,111,55,2024-08-08,234.29,Paid
417,249,12,2024-11-23,56.82,Paid
418,439,40,2025-04-25,450.09,Paid
419,203,66,2024-09-25,468.36,Paid
420,147,100,2024-06-26,490.1,Paid
421,35,78,2024-07-09,435.59,Paid
422,487,16,2025-02-03,95.24,Paid
423,309,83,2025-04-23,32.64,Paid
424,26,34,2025-03-18,294.0,Paid
425,238,44,2024-12-24,457.18,Paid
426,14,6,2025-03-17,96.9,Failed
427,374,77,2025-02-09,13.45,Paid
428,45,64,2024-08-22,404.69,Paid
429,428,100,2024-11-14,47.63,Paid
430,216,22,2025-04-18,212.72,Paid
431,233,18,2024-07-27,342.65,Paid
432,193,12,2024-09-27,126.03,Paid
433,51,52,2024-08-23,51.14,Paid
434,427,94,2025-01-03,387.31,Paid
435,375,51,2024-07-28,318.79,Paid
436,214,71,2025-03-16,494.36,Failed
437,151,96,2025-02-18,178.71,Paid
438,440,48,2024-11-01,40.26,Paid
439,275,19,2025-06-19,369.83,Paid
440,338,6,2025-04-13,265.65,Paid
441,76,84,2025-02-20,114.47,Paid
442,439,27,2024-07-16,393.05,Paid
443,220,53,2024-07-16,109.84,Paid
444,348,48,2024-11-08,137.72,Paid
445,444,7,2025-02-28,55.34,Paid
446,187,59,2024-08-21,205.72,Failed
447,289,69,2025-03-22,215.28,Paid
448,403,11,2025-01-17,262.14,Paid
449,28,15,2025-04-26,357.39,Paid
450,379,64,2024-08-03,453.99,Paid
451,180,3,2024-08-10,77.49,Paid
452,253,69,2024-12-29,36.63,Paid
453,126,23,2024-09-21,19.08,Paid
454,177,53,2024-10-24,80.37,Paid
455,37,37,2025-01-25,332.4,Paid
456,410,9,2025-04-25,366.46,Paid
457,99,15,2025-02-28,395.39,Failed
458,98,3,2025-04-12,129.42,Paid
459,127,93,2024-11-04,159.89,Paid
460,483,70,2025-05-01,246.74,Paid
461,168,17,2025-06-04,40.96,Failed
462,80,26,2024-12-10,309.46,Paid
463,294,21,2025-04-03,492.03,Paid
464,333,72,2024-09-05,186.8,Paid
465,126,21,2024-07-01,378.9,Paid
466,343,11,2025-03-17,255.02,Paid
467,310,38,2024-11-16,72.63,Paid
468,150,72,2024-11-09,295.3,Failed
469,16,88,2025-03-31,156.94,Paid
470,28,35,2024-08-14,26.86,Paid
471,496,14,2024-09-28,321.12,Paid
472,419,14,2025-06-07,430.88,Paid
473,444,10,2024-07-08,178.94,Failed
474,173,12,2024-12-28,201.24,Paid
475,46,38,2025-03-24,446.6,Paid
476,328,34,2024-12-09,408.67,Paid
477,236,41,2025-01-26,360.33,Paid
478,439,10,2024-10-15,131.91,Paid
479,214,17,2025-01-19,456.01,Paid
480,85,17,2025-03-20,85.66,Paid
481,282,67,2024-12-30,317.12,Paid
482,232,62,2024-09-04,24.11,Paid
483,85,95,2025-01-29,325.42,Paid
484,409,1,2024-09-03,145.8,Paid
485,489,12,2025-01-20,230.34,Paid
486,65,4,2024-11-05,179.18,Paid
487,134,42,2024-10-26,94.65,Paid
488,151,13,2025-04-03,314.77,Paid
489,115,98,2024-12-21,442.17,Paid
490,64,85,2024-10-07,479.95,Paid
491,343,86,2025-05-25,104.25,Paid
492,427,4,2025-05-11,361.51,Paid
493,363,82,2025-02-10,335.53,Paid
494,407,69,2025-06-13,178.26,Paid
495,352,19,2025-05-23,19.36,Paid
496,158,2,2025-01-24,348.0,Paid
497,77,12,2024-08-24,473.29,Failed
498,491,81,2024-07-19,319.74,Paid
499,146,74,2025-01-15,223.29,Paid
500,343,98,2024-08-22,267.33,Paid
501,463,6,2024-12-14,107.82,Paid
502,225,8,2024-10-15,377.77,Paid
503,405,51,2025-05-07,375.75,Paid
504,313,11,2024-10-03,81.3,Paid
505,103,63,2025-01-19,440.21,Paid
506,407,57,2024-11-12,141.9,Paid
507,347,12,2024-12-16,491.31,Paid
508,301,73,2024-06-23,197.62,Paid
509,428,2,2025-04-20,97.16,Paid
510,466,8,2025-02-25,182.34,Paid
511,88,11,2025-01-05,225.69,Paid
512,371,53,2024-11-17,43.96,Paid
513,303,100,2025-04-03,293.33,Paid
514,168,10,2024-09-03,302.84,Paid
515,435,85,2025-05-31,372.08,Paid
516,170,84,2024-06-30,24.29,Paid
517,135,8,2025-02-18,275.21,Paid
518,50,36,2025-05-21,35.92,Paid
519,432,93,2024-11-11,353.56,Paid
520,340,76,2025-04-20,37.31,Paid
521,347,14,2025-02-18,456.75,Paid
522,134,54,2024-09-23,354.02,Paid
523,347,85,2024-10-25,258.62,Paid
524,137,86,2025-03-30,226.34,Paid
525,245,21,2024-07-17,74.03,Failed
526,109,50,2025-03-05,152.59,Paid
527,313,94,2025-01-18,435.79,Paid
528,287,39,2025-05-07,453.18,Paid
529,21,20,2024-11-20,10.37,Paid
530,90,88,2024-09-04,301.13,Paid
531,296,87,2025-01-12,362.46,Paid
532,112,7,2025-03-15,313.19,Paid
533,301,9,2025-01-02,50.02,Paid
534,77,1,2025-04-16,116.69,Paid
535,177,26,2025-01-23,132.67,Paid
536,343,38,2024-08-21,417.55,Paid
537,148,38,2025-02-16,236.97,Paid
538,101,61,2024-10-10,248.55,Paid
539,246,44,2024-10-26,468.1,Paid
540,117,86,2024-11-29,322.17,Paid
541,92,44,2025-02-26,450.35,Paid
542,401,74,2024-10-26,233.69,Paid
543,28,62,2024-08-04,83.22,Paid
544,425,6,2024-07-30,465.67,Paid
545,450,17,2025-01-12,234.77,Paid
546,25,51,2025-03-05,99.0,Paid
547,58,38,2024-07-18,158.17,Paid
548,498,24,2024-07-10,34.89,Paid
549,297,51,2025-05-13,239.47,Failed
550,134,10,2025-06-22,428.03,Paid
551,331,72,2024-08-12,467.45,Paid
552,249,21,2024-08-31,466.98,Failed
553,38,70,2025-05-28,71.36,Paid
554,390,85,2024-07-05,197.21,Paid
555,429,57,2024-09-09,23.83,Paid
556,75,39,2024-08-03,429.03,Paid
557,142,88,2024-12-28,185.79,Paid
558,322,33,2024-09-05,319.25,Paid
559,168,59,2024-07-31,360.3,Paid
560,259,18,2024-07-05,220.62,Paid
561,373,56,2025-01-30,160.16,Paid
562,355,92,2025-02-27,481.48,Paid
563,225,57,2025-05-13,482.6,Paid
564,152,96,2024-11-20,151.82,Paid
565,19,76,2025-03-05,245.02,Paid
566,146,48,2024-12-30,486.69,Paid
567,448,42,2025-01-13,12.39,Paid
568,241,27,2025-02-20,212.21,Paid
569,372,74,2025-03-22,59.22,Paid
570,381,52,2025-02-07,259.49,Paid
571,344,42,2024-09-30,22.09,Paid
572,237,32,2024-07-12,209.38,Paid
573,35,26,2024-11-12,118.14,Paid
574,190,25,2024-09-16,271.32,Paid
575,1,75,2025-02-13,498.04,Paid
576,484,23,2025-03-28,402.26,Paid
577,153,98,2024-07-20,424.36,Paid
578,429,57,2024-06-28,321.28,Paid
579,433,52,2025-06-19,30.36,Paid
580,126,87,2025-06-15,111.33,Paid
581,491,93,2024-09-12,463.28,Paid
582,482,31,2025-03-04,189.4,Paid
583,345,64,2024-12-30,60.78,Paid
584,400,71,2025-06-18,354.18,Paid
585,226,33,2025-06-03,156.73,Paid
586,221,85,2025-05-12,141.74,Paid
587,403,2,2024-07-24,499.01,Paid
588,407,18,2024-12-21,430.49,Failed
589,211,47,2025-04-30,209.89,Paid
590,25,33,2025-02-26,490.33,Paid
591,16,98,2024-07-16,328.56,Failed
592,182,84,2024-11-10,373.59,Paid
593,499,35,2025-01-25,25.44,Paid
594,329,51,2025-04-07,69.59,Paid
595,129,18,2025-06-22,320.21,Paid
596,42,88,2025-06-03,450.52,Paid
597,403,72,2024-12-01,315.63,Paid
598,481,30,2025-05-08,75.67,Paid
599,418,44,2024-11-13,66.72,Paid
600,336,53,2025-04-27,423.65,Paid
601,236,10,2025-03-25,78.26,Failed
602,360,87,2024-07-15,264.91,Failed
603,439,52,2025-05-08,28.19,Paid
604,402,49,2025-02-17,49.53,Paid
605,34,11,2024-10-04,339.45,Paid
606,345,66,2025-01-14,347.7,Failed
607,381,58,2024-07-08,177.32,Paid
608,45,90,2025-04-04,115.65,Paid
609,134,36,2024-07-20,408.72,Paid
610,21,33,2025-05-13,116.38,Paid
611,122,47,2024-10-19,275.59,Paid
612,70,13,2024-07-23,484.42,Paid
613,352,40,2024-09-14,82.45,Paid
614,361,89,2025-01-10,471.03,Paid
615,48,68,2024-07-30,99.62,Paid
616,491,42,2024-08-01,288.05,Paid
617,39,19,2025-03-31,194.73,Paid
618,287,82,2024-09-20,482.82,Paid
619,490,94,2025-01-15,144.04,Paid
620,10,19,2024-11-19,205.83,Paid
621,30,58,2024-09-04,491.6,Paid
622,244,23,2024-09-06,272.87,Paid
623,274,54,2025-01-13,256.29,Paid
624,444,80,2025-03-05,136.31,Paid
625,88,65,2024-09-27,353.67,Paid
626,244,12,2025-01-30,17.04,Paid
627,381,24,2025-02-20,34.26,Paid
628,329,34,2024-08-31,303.69,Paid
629,479,53,2025-01-25,177.42,Paid
630,15,8,2025-04-09,477.13,Paid
631,4,18,2025-01-25,452.56,Paid
632,191,57,2024-12-01,359.72,Paid
633,168,5,2025-04-08,410.89,Paid
634,9,26,2024-08-02,336.99,Paid
635,109,30,2025-04-16,71.54,Paid
636,137,54,2025-02-26,385.12,Paid
637,154,13,2025-02-01,112.99,Paid
638,388,83,2024-11-09,168.49,Paid
639,209,29,2025-03-11,411.42,Paid
640,272,3,2024-12-18,272.9,Paid
641,143,90,2025-03-22,431.37,Paid
642,99,58,2025-03-08,114.39,Paid
643,377,76,2024-12-05,307.81,Paid
644,308,2,2025-05-31,51.06,Paid
645,69,75,2024-08-02,325.1,Paid
646,247,28,2024-08-26,383.64,Paid
647,261,82,2025-04-26,296.62,Paid
648,276,77,2024-09-01,140.45,Paid
649,79,86,2025-01-22,25.36,Paid
650,146,76,2024-11-25,68.53,Paid
651,111,2,2025-01-05,314.93,Paid
652,258,7,2024-11-01,467.87,Paid
653,93,26,2025-03-05,111.2,Paid
654,13,90,2024-08-23,370.16,Paid
655,260,88,2025-01-16,434.56,Paid
656,426,76,2025-02-10,265.23,Failed
657,109,16,2024-12-12,337.94,Paid
658,330,23,2025-06-20,409.36,Paid
659,189,40,2024-11-06,137.73,Paid
660,95,60,2025-06-08,155.48,Paid
661,105,73,2024-10-23,10.31,Paid
662,8,32,2025-01-22,481.92,Paid
663,67,15,2024-10-27,459.6,Paid
664,496,13,2025-05-17,384.64,Paid
665,191,5,2024-11-14,48.75,Paid
666,366,75,2024-11-30,229.28,Paid
667,256,74,2025-04-15,59.93,Paid
668,9,52,2025-02-23,17.8,Paid
669,478,77,2024-12-07,311.93,Paid
670,117,41,2025-05-09,480.81,Paid
671,267,53,2025-03-31,452.41,Paid
672,99,50,2024-10-26,351.41,Paid
673,485,15,2025-02-14,57.35,Paid
674,298,7,2024-09-24,144.34,Paid
675,397,40,2025-01-27,166.83,Failed
676,164,28,2025-01-20,383.94,Failed
677,376,32,2024-09-14,403.1,Paid
678,141,99,2024-11-15,198.7,Paid
679,268,15,2025-04-16,214.76,Paid
680,37,100,2025-01-22,31.81,Paid
681,74,85,2025-06-17,151.68,Paid
682,73,70,2025-04-08,231.13,Paid
683,308,65,2024-09-29,67.32,Failed
684,199,4,2024-11-09,232.1,Paid
685,130,11,2024-12-15,428.06,Paid
686,246,26,2024-12-13,294.85,Paid
687,312,61,2024-11-24,48.68,Paid
688,60,37,2024-06-23,103.92,Paid
689,279,23,2025-04-01,242.53,Paid
690,103,93,2024-07-06,187.13,Paid
691,296,85,2024-10-11,185.78,Paid
692,320,91,2025-02-09,269.34,Paid
693,487,40,2024-06-29,296.35,Paid
694,341,77,2025-01-10,400.46,Paid
695,151,23,2024-08-14,177.07,Paid
696,157,16,2025-06-03,404.68,Paid
697,206,94,2024-10-18,175.92,Paid
698,474,61,2024-06-25,37.16,Paid
699,179,68,2024-10-17,281.55,Paid
700,197,80,2024-09-17,298.07,Paid
701,223,31,2024-09-14,467.92,Paid
702,89,53,2025-05-21,365.77,Paid
703,287,25,2024-10-23,459.71,Paid
704,434,44,2024-07-01,455.09,Paid
705,276,12,2025-04-18,306.24,Paid
706,236,90,2025-05-08,268.6,Paid
707,183,97,2025-03-17,283.15,Paid
708,209,92,2025-05-08,489.38,Failed
709,493,9,2024-10-08,388.85,Paid
710,130,12,2025-06-14,62.07,Paid
711,153,69,2025-01-24,391.43,Paid
712,13,54,2025-01-07,93.56,Failed
713,122,54,2025-01-25,229.2,Paid
714,359,28,2025-01-30,113.13,Paid
715,220,56,2025-06-17,347.9,Paid
716,106,99,2025-01-30,439.88,Failed
717,375,69,2024-08-22,152.28,Paid
718,70,98,2024-07-29,50.19,Paid
719,195,98,2024-07-07,156.26,Paid
720,186,77,2024-12-18,339.46,Paid
721,99,58,2024-11-08,171.09,Paid
722,82,78,2024-08-22,146.27,Paid
723,75,75,2024-08-15,100.37,Paid
724,374,42,2024-10-03,253.78,Paid
725,340,38,2024-11-12,145.21,Paid
726,192,68,2025-06-03,368.2,Paid
727,325,53,2025-02-04,47.54,Paid
728,467,33,2024-09-28,335.38,Paid
729,214,71,2024-09-21,126.4,Failed
730,315,56,2024-09-30,249.75,Paid
731,444,72,2025-05-03,150.18,Paid
732,467,51,2024-10-17,364.16,Paid
733,382,74,2024-07-28,473.2,Paid
734,367,43,2025-01-30,459.37,Paid
735,318,15,2024-11-25,295.88,Paid
736,144,38,2025-01-30,236.68,Paid
737,384,15,2025-06-14,410.97,Paid
738,216,5,2024-09-15,344.83,Paid
739,361,93,2025-04-04,99.95,Failed
740,324,83,2024-07-22,412.25,Paid
741,15,54,2025-03-31,220.15,Failed
742,217,51,2024-10-27,102.6,Failed
743,492,10,2025-04-26,148.08,Paid
744,439,12,2024-12-27,141.09,Paid
745,35,4,2024-08-29,264.41,Paid
746,183,95,2024-12-29,124.84,Paid
747,270,18,2025-05-09,70.55,Paid
748,433,80,2025-06-07,70.61,Failed
749,467,36,2025-03-17,295.81,Paid
750,358,25,2025-03-22,370.03,Paid
751,100,87,2025-02-01,167.55,Paid
752,7,76,2025-05-07,26.98,Paid
753,30,98,2025-06-10,72.34,Paid
754,467,36,2024-07-30,458.2,Paid
755,305,67,2025-02-09,251.84,Paid
756,473,9,2025-02-27,232.25,Paid
757,144,61,2024-10-17,28.64,Paid
758,111,53,2024-07-07,367.03,Paid
759,232,18,2025-04-02,268.75,Paid
760,179,43,2025-05-02,109.02,Paid
761,72,35,2025-02-01,63.94,Paid
762,210,63,2024-11-18,197.86,Paid
763,220,98,2024-07-23,420.21,Paid
764,80,78,2025-04-21,433.99,Paid
765,500,4,2024-07-14,305.39,Paid
766,83,93,2025-06-16,366.49,Paid
767,42,41,2025-04-18,66.43,Paid
768,273,45,2024-10-30,298.18,Paid
769,191,50,2024-11-05,336.81,Paid
770,173,79,2025-05-30,108.35,Failed
771,461,28,2025-05-06,441.28,Paid
772,7,42,2024-12-08,105.55,Paid
773,155,80,2024-12-01,163.6,Paid
774,10,76,2025-06-19,314.07,Paid
775,34,69,2025-05-26,322.79,Failed
776,36,98,2024-08-08,352.7,Paid
777,409,1,2025-05-26,64.89,Failed
778,6,39,2025-04-18,426.24,Paid
779,408,96,2024-09-19,271.1,Paid
780,402,90,2025-04-09,240.95,Paid
781,215,17,2025-03-03,490.74,Paid
782,134,91,2025-05-18,372.79,Paid
783,285,88,2025-02-11,67.82,Paid
784,126,35,2025-06-18,380.7,Paid
785,409,46,2024-06-27,56.67,Paid
786,439,42,2025-02-24,23.46,Paid
787,337,39,2025-04-20,207.78,Paid
788,174,90,2025-02-23,496.85,Paid
789,152,49,2024-11-18,95.69,Paid
790,331,62,2024-07-14,339.6,Paid
791,26,38,2024-10-19,94.96,Paid
792,383,23,2025-01-12,365.15,Paid
793,115,22,2024-07-08,257.62,Paid
794,382,4,2024-10-25,343.19,Paid
795,482,49,2025-01-18,109.41,Paid
796,284,59,2025-01-28,375.36,Paid
797,387,73,2024-08-20,497.85,Paid
798,75,68,2024-10-27,336.17,Paid
799,166,71,2025-01-04,251.81,Paid
800,189,87,2025-03-20,462.36,Paid
801,78,2,2024-09-16,17.77,Paid
802,435,49,2024-08-21,367.66,Paid
803,90,88,2024-07-12,445.49,Paid
804,176,95,2025-03-11,40.22,Paid
805,21,31,2025-04-03,230.53,Paid
806,54,40,2024-11-22,110.31,Paid
807,184,48,2024-12-13,287.59,Paid
808,359,51,2025-04-11,328.28,Paid
809,222,43,2025-02-09,158.29,Failed
810,315,98,2025-02-01,235.39,Paid
811,328,55,2025-01-05,146.88,Paid
812,179,88,2024-07-27,191.0,Paid
813,276,49,2024-09-17,88.17,Paid
814,112,90,2024-12-07,443.92,Paid
815,224,80,2024-10-13,14.91,Failed
816,214,57,2025-04-24,442.38,Paid
817,59,77,2024-11-23,290.12,Paid
818,327,15,2024-08-19,172.51,Paid
819,393,27,2024-08-13,364.3,Paid
820,109,68,2024-10-31,258.8,Failed
821,385,80,2024-07-25,254.56,Paid
822,157,64,2024-12-24,63.97,Paid
823,191,94,2025-01-30,200.86,Paid
824,200,30,2025-04-08,128.12,Paid
825,312,36,2024-07-12,17.69,Paid
826,196,67,2025-01-21,186.45,Paid
827,35,86,2024-11-25,54.01,Paid
828,379,86,2024-10-02,135.85,Paid
829,387,49,2024-07-26,55.33,Failed
830,246,76,2024-11-24,59.46,Paid
831,237,55,2025-01-03,107.52,Paid
832,104,85,2024-12-08,499.93,Paid
833,7,56,2025-04-19,11.07,Paid
834,283,68,2025-03-21,322.95,Paid
835,1,95,2024-08-12,79.21,Paid
836,219,44,2025-04-14,461.11,Paid
837,464,31,2024-08-14,55.88,Paid
838,230,58,2024-12-26,477.98,Paid
839,455,87,2025-01-26,309.35,Paid
840,172,53,2024-09-07,10.62,Paid
841,87,84,2024-12-29,448.06,Paid
842,41,79,2024-11-23,265.64,Paid
843,123,23,2025-03-03,138.71,Failed
844,331,28,2025-01-30,385.97,Paid
845,298,16,2024-09-07,464.07,Paid
846,373,37,2025-01-26,247.01,Paid
847,417,21,2025-02-17,164.62,Paid
848,178,79,2025-04-04,396.58,Paid
849,63,17,2025-01-12,344.07,Failed
850,484,37,2024-09-26,445.49,Failed
851,165,77,2024-09-25,349.33,Paid
852,489,19,2024-07-20,129.33,Paid
853,187,30,2024-10-04,466.51,Paid
854,383,45,2025-04-20,61.37,Paid
855,209,18,2024-12-07,141.29,Paid
856,227,78,2024-10-26,264.9,Paid
857,432,62,2025-03-15,287.21,Paid
858,389,36,2025-06-16,17.5,Paid
859,48,100,2025-02-01,392.48,Paid
860,224,84,2024-07-27,187.19,Failed
861,3,52,2024-08-05,209.15,Paid
862,372,19,2025-03-10,406.59,Paid
863,175,44,2024-11-30,195.85,Failed
864,446,7,2024-12-04,33.14,Paid
865,99,44,2024-11-11,96.46,Paid
866,116,68,2024-11-05,478.39,Paid
867,270,34,2024-09-04,44.5,Paid
868,447,66,2024-10-25,183.92,Paid
869,368,69,2024-11-03,256.56,Paid
870,253,55,2025-02-08,251.71,Paid
871,317,10,2025-03-04,11.94,Paid
872,415,96,2024-07-02,255.57,Paid
873,95,42,2025-04-17,198.05,Paid
874,273,41,2024-10-19,486.32,Paid
875,380,77,2024-08-27,87.99,Paid
876,24,69,2024-11-05,183.54,Paid
877,116,10,2025-02-17,215.55,Paid
878,151,10,2025-05-08,201.44,Paid
879,338,91,2025-04-30,336.26,Failed
880,50,60,2024-12-11,115.6,Paid
881,206,51,2025-02-20,118.33,Paid
882,498,21,2024-08-18,367.31,Paid
883,335,8,2024-12-11,255.14,Paid
884,79,65,2024-07-10,213.43,Paid
885,70,92,2025-06-16,92.91,Paid
886,27,78,2025-05-06,101.89,Paid
887,271,85,2024-09-21,15.17,Paid
888,50,30,2024-09-08,54.8,Paid
889,292,85,2025-03-16,282.85,Paid
890,247,49,2024-11-15,447.02,Paid
891,264,9,2024-08-22,150.71,Paid
892,79,17,2025-04-13,170.6,Failed
893,387,69,2025-04-01,66.65,Paid
894,190,58,2025-05-20,200.43,Paid
895,47,57,2024-07-26,28.24,Paid
896,461,62,2024-08-05,459.62,Failed
897,361,95,2025-04-06,339.82,Failed
898,354,52,2024-07-14,495.47,Failed
899,472,61,2024-09-25,442.58,Paid
900,488,40,2025-02-19,241.77,Paid
901,352,38,2025-06-17,264.65,Paid
902,189,43,2024-08-19,103.38,Paid
903,416,63,2025-05-26,236.4,Paid
904,256,19,2025-05-12,452.48,Paid
905,222,100,2025-05-07,34.92,Paid
906,372,50,2024-10-12,433.14,Paid
907,241,33,2024-06-28,177.06,Paid
908,269,13,2024-11-03,450.76,Paid
909,1,78,2025-03-19,471.03,Paid
910,34,97,2025-05-01,338.72,Paid
911,446,62,2024-08-05,335.57,Paid
912,79,93,2024-10-19,231.85,Paid
913,236,43,2024-12-14,419.41,Paid
914,334,49,2024-12-22,481.19,Paid
915,377,36,2024-07-01,389.79,Paid
916,349,10,2024-10-29,314.75,Paid
917,98,95,2024-09-12,307.33,Paid
918,82,6,2025-04-06,426.24,Failed
919,455,57,2025-01-17,275.19,Paid
920,477,1,2024-09-13,403.89,Paid
921,415,71,2024-09-10,259.35,Paid
922,192,58,2025-01-21,40.6,Paid
923,253,91,2025-01-12,198.13,Paid
924,409,21,2025-04-10,227.78,Paid
925,38,92,2024-10-01,79.39,Paid
926,14,80,2025-01-22,60.22,Failed
927,392,56,2024-12-27,272.38,Failed
928,347,87,2025-02-19,51.72,Paid
929,310,20,2025-04-02,158.44,Paid
930,386,54,2024-08-16,374.85,Failed
931,209,25,2025-03-19,482.57,Paid
932,357,28,2025-03-21,361.76,Paid
933,462,5,2025-03-09,496.39,Paid
934,89,21,2024-06-30,352.19,Paid
935,56,18,2024-11-16,153.96,Paid
936,94,47,2025-02-04,339.31,Paid
937,93,70,2025-06-09,354.06,Paid
938,340,57,2025-03-07,192.15,Failed
939,85,93,2025-01-13,18.68,Paid
940,445,19,2024-07-09,354.57,Paid
941,245,97,2024-09-30,20.63,Paid
942,22,65,2024-08-28,319.28,Paid
943,291,3,2024-07-16,90.17,Paid
944,485,42,2024-10-11,287.15,Paid
945,272,21,2024-09-08,256.92,Paid
946,306,99,2025-04-25,16.62,Paid
947,122,40,2025-03-20,187.8,Paid
948,128,67,2025-02-17,304.53,Paid
949,113,25,2024-10-06,425.82,Paid
950,427,55,2024-07-13,445.43,Paid
951,273,84,2024-12-20,247.09,Paid
952,336,52,2025-03-04,366.93,Paid
953,442,44,2024-06-26,165.06,Paid
954,130,98,2024-07-18,177.67,Paid
955,132,85,2024-11-20,105.29,Failed
956,85,56,2025-03-06,285.35,Paid
957,423,55,2024-10-06,164.14,Paid
958,482,87,2025-03-07,51.34,Paid
959,350,70,2025-05-19,345.65,Paid
960,390,77,2025-06-12,356.8,Paid
961,81,87,2025-03-06,186.4,Paid
962,487,73,2024-11-09,47.59,Paid
963,473,81,2025-05-24,218.89,Paid
964,325,66,2024-08-03,226.74,Paid
965,69,19,2024-06-30,337.65,Paid
966,148,83,2024-10-14,164.55,Paid
967,448,7,2025-05-25,344.47,Paid
968,16,63,2025-06-01,437.03,Paid
969,307,42,2025-03-02,126.37,Paid
970,105,42,2024-11-20,489.67,Paid
971,165,59,2024-09-20,199.32,Paid
972,488,20,2024-11-17,140.96,Paid
973,201,73,2025-01-06,216.54,Paid
974,197,17,2025-03-25,56.25,Failed
975,426,27,2024-07-31,71.6,Paid
976,185,47,2025-06-09,213.07,Failed
977,322,2,2024-10-23,383.6,Paid
978,265,63,2024-12-28,451.15,Failed
979,363,62,2025-05-25,335.76,Paid
980,100,100,2025-02-09,61.56,Paid
981,342,19,2025-01-15,339.29,Paid
982,320,17,2024-07-27,321.36,Paid
983,214,69,2024-09-03,404.82,Paid
984,278,39,2024-09-08,414.37,Paid
985,162,82,2025-01-03,435.42,Paid
986,439,71,2024-12-17,212.92,Paid
987,157,81,2025-01-26,351.95,Paid
988,422,39,2025-06-17,141.44,Paid
989,251,36,2025-03-26,499.67,Paid
990,366,40,2024-07-01,95.91,Paid
991,97,45,2024-07-08,14.96,Paid
992,18,4,2024-09-27,82.92,Paid
993,327,25,2025-06-16,390.18,Failed
994,449,69,2025-01-14,228.92,Paid
995,383,30,2024-10-19,229.28,Paid
996,97,76,2024-10-30,477.96,Paid
997,1,68,2024-12-30,460.62,Paid
998,216,88,2024-11-22,162.49,Paid
999,132,29,2025-04-08,112.44,Paid
1000,260,73,2024-08-22,425.76,Paid
